track_id,track_name,artist_name,danceability,energy,valence,speechiness,acousticness,instrumentalness,liveness,tempo,loudness
6dBUzqjtbnIa1TwYbyw5CM,Lovers Rock,TV Girl,0.36049382716049405,0.7757009345794394,0.5790513833992094,0.09072847682119206,0.0,0.0059616154246836025,0.05828779599271404,0.4322250207069085,0.7079270877490462
2X485T9Z5Ly0xyaghN73ed,Let It Happen,Tame Impala,0.46666666666666656,0.7990654205607479,0.5889328063241105,0.12119205298013247,0.01760535331416204,0.0291016867842873,0.08561020036429874,0.7710069473790973,0.5941076727426877
0d28khcov6AiegSCpG5TuT,Feel Good Inc.,Gorillaz,1.0,0.3878504672897196,0.974308300395257,1.0,0.03188057275081226,0.0025480446141888722,1.0,1.0,0.4236964815599831
7evNwZyDKV0SmI2VWhlYA2,Red River,The Symposium,0.11111111111111116,0.0,0.7707509881422924,0.0006622516556291647,0.10035582320362108,0.6433256140316402,0.27686703096539167,0.0,0.22742687579482834
6K4t31amVTZDgR3sKmwUJJ,The Less I Know The Better,Tame Impala,0.5604938271604938,0.46962616822429903,0.9999999999999999,0.01589403973509937,0.04386565003185015,0.00741675939197783,0.1876138433515483,0.6335299785324298,0.9739296311996609
0q6LuUqGLUiCPP1cbdwFs3,On Melancholy Hill,Gorillaz,0.6814814814814814,0.4672897196261683,0.5909090909090907,0.0,2.8893960196642285e-05,0.5568922505607802,0.0,0.6934363325952098,0.6078846969054685
7H7NyZ3G075GqPx2evsfeb,Chamber Of Reflection,Mac DeMarco,0.308641975308642,0.0420560747663552,0.4486166007905138,0.4331125827814569,1.0,1.0,0.0692167577413479,0.8727328048141452,0.0
35SRuRfp5BvD1yArmXKNHO,I Just Threw Out The Love Of My Dreams,Weezer,0.0,1.0000000000000002,0.0,0.728476821192053,0.006689009039076581,0.0,0.0673952641165756,0.8629456211227371,1.0
